segment,rank,term,segment_mean_tfidf,global_mean_tfidf,lift_vs_global,differential_score,segment_document_frequency,segment_document_share
0,1,cute,0.0631706468375697,0.006049744324174495,10.441870506113935,0.21378894234613258,1567,0.5301082543978349
0,2,year old,0.048653785770721415,0.005008924743628093,9.713419197184185,0.15958340652790665,1643,0.5558186738836265
0,3,school,0.04029152268153171,0.004552582842066125,8.850255793565244,0.12674581460832077,1306,0.44181326116373476
0,4,old,0.04585889301679674,0.008718771685209056,5.259788267002585,0.10983226545561105,1877,0.6349797023004059
0,5,students,0.02448418146471555,0.001824770923474608,13.417674041888347,0.09171927883808913,449,0.15189445196211096
0,6,super cute,0.020673588319749147,0.0016936611070770778,12.206449225383228,0.0746227990445329,650,0.2198917456021651
0,7,classroom,0.019059356594977928,0.0014624243476436664,13.032712846756574,0.07059710553433889,477,0.16136671177266576
0,8,yr old,0.017575973369496983,0.0017090520588313256,10.284047972319602,0.05909633397063733,747,0.2527063599458728
0,9,yr,0.017390347847202375,0.001933578018616767,8.993869226776336,0.05510900207020521,768,0.2598105548037889
0,10,granddaughter,0.017452627598277794,0.0020678721898722864,8.439896661077388,0.053705667799729934,711,0.2405277401894452
0,11,old daughter,0.014501110461629411,0.0013205061152072315,10.981479210622378,0.05013034603009441,611,0.2066982408660352
0,12,old loves,0.013645683554998211,0.0010895399103838222,12.524262226123373,0.04976108263158397,576,0.19485791610284167
0,13,year old daughter,0.012266912450906471,0.001108574494620246,11.065483195193977,0.042541585468664725,532,0.17997293640054127
0,14,year old loves,0.011046317967590773,0.0008662082663277858,12.752496582222859,0.04056989825991167,495,0.16745602165087956
0,15,toddler,0.010576012605466107,0.0009499553693161121,11.13316786971453,0.03677059871938077,470,0.15899864682002707
0,16,adorable,0.011569113671032284,0.0013186949735086585,8.773153682748278,0.03624713845636507,448,0.15155615696887687
0,17,tablet,0.014685616353207098,0.003019421611246579,4.863718367333395,0.0335134531351219,780,0.2638700947225981
0,18,teacher,0.009342325757667315,0.0007893570332356039,11.83536138081574,0.03330568890596779,372,0.12584573748308525
0,19,really cute,0.008672095845885358,0.000775150500220526,11.18762850985785,0.03021212804398596,328,0.11096075778078485
0,20,old son,0.009948015171409768,0.0012151945312224345,8.186356100710993,0.03017453274779564,445,0.15054127198917455
0,21,niece,0.009923195277665216,0.001224005053164083,8.107152208976885,0.02996006384297587,450,0.15223274695534506
0,22,school year,0.007859080738975385,0.0006025916863816793,13.042132682121572,0.029118742107917178,345,0.11671177266576455
0,23,broke,0.024239992989003842,0.010648624408713765,2.2763497008958185,0.02876613796757071,1308,0.44248985115020295
0,24,fit year,0.007566816769171759,0.0006251265397254648,12.104456101624486,0.027221368703783607,377,0.12753721244925575
0,25,super,0.01982015517144896,0.007679827897872118,2.580807204723924,0.027110451642557182,1164,0.39377537212449254
0,26,grandson,0.01114938884125969,0.002112888745299231,5.276846148093731,0.0267549199348812,515,0.17422192151556157
0,27,year old son,0.00861845721623861,0.0010144162300796471,8.495977246012668,0.02660328052401265,390,0.13193504736129905
0,28,granddaughter loves,0.007898685458685183,0.0008134234103135737,9.710423070968448,0.02590400872895412,373,0.12618403247631935
0,29,fit year old,0.006993332348057256,0.0005431018499380962,12.876649816195103,0.025782216151755483,346,0.11705006765899864
0,30,class,0.010200823086458909,0.0018302321370150681,5.57351325855416,0.02528362765148821,495,0.16745602165087956
0,31,got year old,0.006979974505434126,0.0006188348518152015,11.27922009350451,0.024399166845257846,366,0.12381596752368065
0,32,daughters,0.008620199764803941,0.0012127941046398696,7.107719047872457,0.02438987818665591,466,0.15764546684709066
0,33,olds,0.006848427440157855,0.0006382677206459153,10.729709820665319,0.023445859488708115,372,0.12584573748308525
0,34,girls,0.007466401814854121,0.0008507173394564869,8.776595304672785,0.02339717505305127,387,0.13092016238159676
0,35,daughter school,0.006523948406123623,0.0005526225787147203,11.805432218298924,0.023234252570804866,267,0.09032476319350474
0,36,cute daughter,0.005899673838322594,0.00040007767310031966,14.746321080249153,0.022904204450727335,224,0.07577807848443843
0,37,perfect year old,0.005882784262210134,0.0004283458959190652,13.733723856170545,0.022234871158566486,285,0.09641407307171854
0,38,girl,0.007812287270833446,0.001096565361394865,7.124324312753825,0.02213028170443596,426,0.14411366711772666
0,39,colors,0.011417952911611235,0.003038236997689803,3.758085007040289,0.021808263806341748,609,0.20602165087956698
0,40,old daughter loves,0.005945798602924212,0.00047596036234723673,12.49221376778061,0.021660290169687978,272,0.09201623815967523
0,41,year olds,0.006136512491249524,0.0005623651735373084,10.911971028964233,0.021157712086711723,339,0.11468200270635995
0,42,young,0.007650026918013974,0.0011402419633235541,6.70912592096392,0.021007928803353625,466,0.15764546684709066
0,43,uses,0.013475855015068509,0.004588472091012938,2.9368937515225735,0.02094540116439045,890,0.3010825439783491
0,44,adult,0.00849575246700304,0.0015507432995426039,5.47850341512382,0.02084672312221565,508,0.17185385656292287
0,45,kindergarten,0.005589995790180504,0.00042363983905811803,13.195160753562808,0.02080561228248282,269,0.09100135317997293
0,46,old granddaughter,0.0053325199585443055,0.00041654574126916453,12.801763212114471,0.01961445151558534,263,0.08897158322056833
0,47,cute work,0.005147606173938413,0.0003856766129925445,13.346949200912455,0.019244007087085475,186,0.06292286874154263
0,48,toddlers,0.005368889842289008,0.00046845675991769525,11.460801276027023,0.0188911691209368,278,0.09404600811907984
0,49,grade,0.006962119989321093,0.0010867620563720071,6.406296523782579,0.018654934905087427,345,0.11671177266576455
0,50,broken,0.01384077201052784,0.005512890920357454,2.510619602123343,0.01838114667317384,877,0.29668470906630584
1,1,battery,0.03843319849647113,0.01344483030920797,2.858585613259155,0.05823788329071256,10580,0.7838198251592828
1,2,battery life,0.029837943829088113,0.009553820922874276,3.1231424649718256,0.04902369339461827,9159,0.6785449696251297
1,3,charge,0.029862108850593868,0.011077272442663134,2.6957998012116047,0.04272411812946076,9064,0.6715068899096163
1,4,life,0.028511548140522484,0.010227195341694969,2.787816912276695,0.0421724520366435,9395,0.6960290413394576
1,5,charging,0.02157295354402068,0.008080989773099961,2.669592976613241,0.030560673050287954,7486,0.5546006815824567
1,6,bluetooth,0.024938226836529503,0.011592616297307134,2.151216446383309,0.027560548472043284,8654,0.6411320195584531
1,7,charged,0.01489928235630541,0.005582276854321009,2.6690332177099854,0.02110211077464458,6093,0.45140020743813897
1,8,noise,0.025064055329534495,0.01425996183917586,1.7576523423729857,0.020393362065882593,9024,0.6685434879241369
1,9,wireless,0.016815864215623116,0.007552677000423536,2.226477342199811,0.019418336636062787,6862,0.5083716106089791
1,10,hours,0.018188394103876716,0.008992147339676093,2.0226975177109567,0.01848451188432907,7768,0.5754926655800859
1,11,case,0.02033565693726578,0.011181719635224158,1.818652014166644,0.0175470185443018,7456,0.5523781300933471
1,12,connect,0.015183219791463502,0.006893283883149604,2.202610547837113,0.017296943065871324,6578,0.4873314565120759
1,13,pairing,0.011232729157449153,0.0038923075061251173,2.8858791701033195,0.01717496527787221,5091,0.3771669877018818
1,14,cancellation,0.013052958948713386,0.005375546245223973,2.4282107067504763,0.016706398830388446,5280,0.39116906208327157
1,15,charging case,0.009325214872222716,0.002765687724610705,3.3717526338457358,0.016351752136087788,2922,0.21647651503926507
1,16,noise cancellation,0.012579742885147295,0.005125297555310632,2.4544414734824946,0.016295733089019163,5131,0.38013038968736107
1,17,charger,0.01087767057490967,0.0042463121640812385,2.56167473163188,0.014761948604542845,4664,0.34553267150688993
1,18,cancelling,0.011530220653132037,0.005008252651049613,2.302244206752095,0.013871326721358962,4848,0.35916432064009485
1,19,noise cancelling,0.011121513086390653,0.004715776732562612,2.3583629411964804,0.013766050522726545,4694,0.3477552229959994
1,20,easy,0.01921988050193934,0.011849329266964357,1.622022653628326,0.013411516695001065,8182,0.606163876129797
1,21,paired,0.00950491996128808,0.003575204058871921,2.6585671203977617,0.013408104796352066,4794,0.35516372795969775
1,22,canceling,0.010648300478930933,0.004489303883261031,2.3719268631519053,0.013268416247382965,4540,0.336346125351904
1,23,lasts,0.00976859306219118,0.0038204004649112894,2.5569552591029368,0.01323084538387913,4836,0.358275300044451
1,24,phone,0.02356544888774781,0.016004087736926548,1.4724643650198392,0.01315500462928135,9213,0.6825455623055268
1,25,noise canceling,0.010254344531199132,0.0042265259359054105,2.4261875320957302,0.013112138758599984,4377,0.3242702622610757
1,26,connected,0.011233468769188225,0.005088245038983539,2.2077295181178154,0.012834950606800523,5581,0.41346866202400356
1,27,calls,0.014152378740903528,0.007702014462307151,1.8374905434579862,0.012422063985337574,6528,0.4836272040302267
1,28,turn,0.013599094841438805,0.00727833382158638,1.8684351630365754,0.012264078518377266,6424,0.47592235886798046
1,29,good battery,0.007367699685665885,0.0023530609396268205,3.1311129939130433,0.012132211098747266,3743,0.27730034079122834
1,30,hold charge,0.007483233161261418,0.0024493124021501343,3.0552383406204155,0.01205762081870982,3273,0.2424803674618462
1,31,great battery,0.007253958183267193,0.0023118921215808533,3.1376715692812356,0.011966813818674411,3607,0.26722477404059863
1,32,el,0.008624304351566374,0.0033145260018266572,2.601972150832877,0.011898137896735777,2791,0.20677137353682026
1,33,connection,0.011990313834925808,0.006051251680503366,1.9814601122237487,0.011829211084127426,5900,0.4371017928582012
1,34,airpods,0.008237347654618888,0.003139684773743159,2.623622512006079,0.011462764814244093,3057,0.22647799674025781
1,35,la,0.008083086497848375,0.0030307179579851106,2.6670533544319444,0.011439561381219437,2728,0.20210401540969034
1,36,device,0.012855632817209174,0.007036969197959871,1.8268706959964176,0.011176359675678194,6135,0.4545117795228923
1,37,anc,0.006526171809068834,0.0020031564099076892,3.257944199730082,0.011120348078900244,1828,0.1354274707364054
1,38,power,0.010135699470702515,0.00475784573141362,2.1303127595439606,0.011058709514423637,5102,0.3779819232478886
1,39,muy,0.008494941415167333,0.0034629434403721953,2.4530985157531777,0.010997595102870876,2916,0.21603200474144318
1,40,battery life good,0.006440464505299095,0.00203630512334889,3.1628189848799986,0.01069897041428402,3407,0.252407764113202
1,41,life good,0.006494996110416191,0.0020763790084676113,3.1280397662474564,0.010685949854130478,3440,0.2548525707512224
1,42,great battery life,0.006280715238289227,0.0019381753130724266,3.2405299942100734,0.010653536274890392,3242,0.24018373092309972
1,43,good battery life,0.006294459631940971,0.001986373297077965,3.168820099943729,0.010473639400024111,3341,0.24751815083716106
1,44,long battery,0.0062868605461898945,0.0020262080329910303,3.1027715030853176,0.0102699479239215,3287,0.24351755815676396
1,45,touch,0.009512359834934014,0.004514916333361323,2.1068739997547765,0.010226776462650243,4516,0.3345680841606164
1,46,battery lasts,0.006659285259260859,0.00232323103071198,2.8663895967994444,0.010117017326911826,3516,0.26048303452363314
1,47,controls,0.009999606848219182,0.00498731188691633,2.005009326456413,0.01003569490439202,5066,0.37531486146095716
1,48,hour,0.00979305400459506,0.0048233137602214145,2.030358067171469,0.01000589799064302,5183,0.38398281226848424
1,49,life great,0.005860210323643308,0.0018534836127084714,3.161727614585236,0.009732127957675524,3123,0.2313676100162987
1,50,battery life great,0.005810662212489638,0.0018241178772063855,3.1854642087073524,0.009712542967386923,3089,0.2288487183286413
2,1,fell apart,0.003933355500760352,0.002432448020748906,1.6170357872363945,0.002727198361286529,279,0.025533083188432323
2,2,broke,0.011836585741088972,0.010648624408713765,1.1115600744910805,0.001806096339402052,975,0.0892285165187151
2,3,broke week,0.0024186779017009775,0.0016956197088923376,1.4264270983583636,0.0012393451069745757,128,0.011714102681431316
2,4,did work,0.003748029327215688,0.0034488710763171484,1.0867409202002565,0.00044979366033281223,285,0.026082181751624415
2,5,looks great,0.001300963183982544,0.0010386558599348526,1.2525449804053472,0.0004226340395302299,120,0.01098197126384186
2,6,didn't work,0.003453013748139769,0.0031923785249767106,1.0816429571375208,0.00039096525128742854,250,0.02287910679967054
2,7,described,0.0035149721741649523,0.003325162598643726,1.0570827951516004,0.0002815084238828825,315,0.028827674567584883
2,8,apart,0.005276514016377404,0.005100952699477524,1.0344173583266993,0.0002575909191302574,491,0.044934565754552944
2,9,item,0.007636374380428947,0.007560892616589423,1.0099831815709066,0.0001094389365690608,769,0.07037613251578659
2,10,fits perfectly,0.0010572125871238774,0.0010164349588864872,1.0401182858192364,5.999428327305724e-05,110,0.010066806991855038
3,1,bass,0.029562930381815414,0.013999176841283179,2.1117620497173375,0.03188206194988641,8796,0.6797001777296963
3,2,mic,0.01603830823168192,0.007684477963399168,2.087104460053705,0.017024709247882436,5138,0.3970326868093656
3,3,highs,0.011604642405856534,0.004710576388432906,2.463529183581202,0.015094466623019507,4470,0.3454138010972877
3,4,mids,0.010015264526230755,0.003823358267134779,2.619494126590624,0.013914089098696228,3713,0.2869175488756665
3,5,cable,0.01451005272786417,0.007685331444804125,1.8880191220361826,0.01330388103816033,5332,0.4120238003245499
3,6,i've,0.019393928409329908,0.012118831390901575,1.6003134116784499,0.013155958140970517,7581,0.5858125338072792
3,7,treble,0.009559418997695475,0.003970926545728501,2.4073522605375626,0.012116059439130996,3794,0.293176725137161
3,8,volume control,0.010525321978117883,0.004804439847447733,2.190749038624869,0.011908604270227477,3436,0.26551271153697553
3,9,iems,0.007038623378945181,0.002226491753628806,3.161306735276295,0.011687782099709536,1548,0.11961981299744996
3,10,i'm,0.019980964903286935,0.013330865873658114,1.4988497440568067,0.011666001528267687,7957,0.6148674754655745
3,11,don't,0.022929743403076297,0.01618970727065995,1.4163161210588882,0.01151401725407058,8928,0.6899003168225021
3,12,music,0.02201233115344424,0.015388837369487714,1.4304089792162518,0.011367777505248193,8536,0.6596089946681091
3,13,iem,0.006352764933687121,0.00193049185960843,3.290749401390862,0.010916693960160631,1280,0.09891043968781392
3,14,wire,0.01224206624068087,0.006654717253707937,1.8396072700188901,0.010765646171991224,4977,0.38459160806738274
3,15,control,0.013091130525631137,0.007503157605414624,1.744749505919911,0.010512438629945407,4821,0.3725368982304304
3,16,tangle,0.007126247841103428,0.002592597387368336,2.748690511714342,0.010395374672967961,2641,0.20408005563712234
3,17,volume,0.019808706746882555,0.013807179628196553,1.434667128252262,0.010314711361339825,7442,0.5750714782474307
3,18,microphone,0.012366716125437795,0.006954994194356339,1.7781058875210443,0.010268594405822345,4515,0.3488911212425624
3,19,ipod,0.008527091810896222,0.0037222892733067077,2.2908192199770476,0.010197238819998468,3183,0.24596244494243102
3,20,high,0.01331104438030375,0.007958248833374183,1.6726097233613952,0.009878137414326353,5950,0.4597789969863225
3,21,jack,0.009539283213745624,0.004654505989416653,2.0494727548716085,0.009875569764895249,3988,0.30816783865234526
3,22,tips,0.00979683059481136,0.004881818471205498,2.006799444016477,0.009844800222458894,3149,0.2433351363882235
3,23,pair,0.02387119871342585,0.017950187653862696,1.3298578919290103,0.009817557741760114,8760,0.6769183216134765
3,24,balanced,0.007360833108743801,0.002977192079100381,2.4724078634172706,0.009612635314048584,2927,0.22618035700486824
3,25,they're,0.013922125711500522,0.008683649405280316,1.6032574625170333,0.009481052845728323,5917,0.4572289622131211
3,26,sounding,0.008808702830980947,0.004178987037317677,2.107855983091788,0.009476193737668044,3948,0.3050768874121011
3,27,clear,0.015556735864544213,0.010213954948152183,1.523086399243959,0.009442904181680893,6780,0.5239162352213894
3,28,build,0.009061945231603353,0.004428923112279722,2.04608321274125,0.009359764427337365,3945,0.30484506606908274
3,29,amp,0.005934955703056379,0.0020676486841313515,2.8703888367183374,0.009028528718861036,1803,0.13932462715400665
3,30,bit,0.014564550027703281,0.009491577689347287,1.5344709282119757,0.00899712425800001,6420,0.4960976740591917
3,31,in-ear,0.0074467641685990885,0.0032654330648224346,2.2804828699569564,0.008856729531587977,3023,0.2335986399814543
3,32,isolation,0.006838353128048749,0.0028208767049690375,2.4241942636410316,0.008736032462187673,2907,0.22463488138474616
3,33,listening,0.014825502433706906,0.00989412025588547,1.4984154275252124,0.008649756427551726,6603,0.5102387759833089
3,34,comfortable,0.02191944173982473,0.016710279329718924,1.3117340115631504,0.00858091795726152,8702,0.6724364423151225
3,35,review,0.01168640679964656,0.007052041110254722,1.6571665729508598,0.008516102292168478,5152,0.398114519743451
3,36,end,0.01190679029862323,0.007258084161461924,1.6404866674327012,0.008502923153391712,5491,0.4243103315045205
3,37,come,0.013288211996853698,0.00858981817958353,1.5469724409173693,0.008364231762680975,6179,0.4774746928367205
3,38,soundstage,0.005319961124489906,0.0017999524422074133,2.9556120471772225,0.008317530003133811,1725,0.13329727223553048
3,39,ones,0.013775994180200285,0.009123815783712895,1.5098939419932385,0.008189101378262325,5983,0.462329031759524
3,40,feel,0.013312758643304081,0.008693951555677565,1.5312667154303325,0.008183693448488807,6076,0.46951549339309173
3,41,metal,0.007275006762501982,0.003373321944293606,2.1566298389194465,0.008066371634781307,3082,0.23815779306081447
3,42,mm,0.0070194299016817455,0.003165381816969062,2.2175618318252286,0.008065144778510645,2784,0.21513020632099528
3,43,foam,0.00747312716983961,0.0035904719317641233,2.081377409650554,0.007903120356402912,2849,0.22015300208639207
3,44,response,0.007714540126459916,0.0038160086189071227,2.02162544581665,0.007834236836092941,3468,0.2679854725291709
3,45,fit,0.021347971025725155,0.016553613329438558,1.289626053272055,0.007833697632777482,8424,0.6509543311954253
3,46,little,0.017928013125573017,0.013293618251749507,1.3486180199935394,0.007735611014233922,7719,0.5964763155861216
3,47,look,0.013651000330589542,0.009222419401968352,1.4801973034533427,0.007723592559362203,6135,0.4740746464724519
3,48,flat,0.007292329372705759,0.0035001483966289808,2.0834343419969343,0.007722311621691118,3169,0.24488061200834557
3,49,audio,0.014302705086411401,0.00984003751427295,1.453521398186932,0.007717057574856869,6124,0.4732246348813847
3,50,lot,0.012950380933932177,0.008583639411195583,1.5087284440830953,0.007683890425394539,6047,0.4672745537439147
